test, 41524
util, 7476
activ, 6312
servic, 6187
info, 5946
view, 5526
except, 5088
type, 5013
factori, 4282
request, 4130
data, 4097
event, 3939
handler, 3828
config, 3799
manag, 3785
impl, 3678
packag, 3580
list, 3565
base, 3445
client, 3285
listen, 3185
filter, 3180
file, 3153
fragment, 2990
control, 2980
input, 2952
abstract, 2940
adapt, 2826
provid, 2686
http, 2644
messag, 2636
set, 2610
configur, 2606
item, 2564
map, 2543
resourc, 2531
default, 2522
user, 2507
server, 2445
class, 2408
cach, 2402
gener, 2386
result, 2379
builder, 2361
respons, 2291
method, 2264
task, 2262
custom, 2247
stream, 2203
parser, 2133
applic, 2131
sourc, 2116
json, 2090
with, 2067
model, 2060
properti, 2056
log, 2054
job, 2033
rule, 2018
kei, 2004
valu, 1989
helper, 1989
command, 1973
string, 1969
node, 1931
context, 1894
state, 1879
mapper, 1869
arrai, 1863
field, 1836
bean, 1792
simpl, 1766
exampl, 1738
get, 1735
imag, 1732
tabl, 1711
action, 1709
object, 1703
metric, 1644
sql, 1641
translat, 1626
group, 1612
name, 1591
time, 1571
web, 1553
app, 1551
function, 1527
demo, 1523
main, 1516
serial, 1500
store, 1494
entiti, 1471
case, 1463
updat, 1433
queri, 1407
error, 1404
connect, 1402
index, 1392
decod, 1388
thread, 1386
loader, 1382
annot, 1346
text, 1342
convert, 1328
modul, 1273
block, 1244
api, 1231
dao, 1215
oper, 1189
resolv, 1164
option, 1164
tree, 1161
search, 1160
protocol, 1160
callback, 1155
check, 1152
socket, 1150
load, 1149
proxi, 1130
plugin, 1117
dialog, 1106
token, 1105
chang, 1093
valid, 1078
auto, 1070
order, 1069
cluster, 1067
layout, 1063
code, 1062
reader, 1055
processor, 1048
session, 1043
page, 1024
java, 1024
async, 1023
header, 1020
sampl, 1014
constant, 1013
local, 1008
output, 1003
mock, 1000
record, 994
unit, 993
paramet, 992
path, 991
attribut, 984
byte, 977
strategi, 975
column, 961
anim, 960
statu, 958
interceptor, 956
contain, 953
registri, 943
creat, 936
system, 935
encod, 935
queue, 929
transact, 927
buffer, 923
and, 922
multi, 922
content, 919
executor, 905
date, 884
long, 875
not, 874
sort, 857
present, 854
channel, 853
express, 842
statement, 833
param, 832
format, 825
servlet, 822
delet, 821
consum, 820
bind, 816
compon, 810
transform, 803
detail, 794
question, 785
tag, 777
integr, 771
wrapper, 771
frame, 770
window, 769
singl, 768
url, 765
repositori, 756
writer, 751
iter, 749
collect, 747
pool, 746
render, 745
xml, 743
box, 741
refer, 740
line, 739
execut, 733
entri, 733
select, 730
extens, 723
definit, 722
graph, 720
bar, 717
element, 715
locat, 711
new, 706
receiv, 703
stat, 702
holder, 700
storag, 700
for, 699
runner, 693
observ, 690
deleg, 687
count, 686
memori, 684
all, 684
row, 684
version, 683
process, 683
binari, 682
basic, 679
download, 675
spring, 668
target, 667
templat, 665
enum, 661
instanc, 661
hash, 660
menu, 658
schedul, 658
report, 656
matcher, 654
add, 653
media, 650
issu, 646
number, 645
limit, 645
codec, 644
call, 642
interfac, 635
run, 628
polici, 627
logger, 624
null, 623
link, 620
access, 615
engin, 611
compar, 611
int, 608
rest, 603
permiss, 601
support, 586
flow, 585
shadow, 582
remot, 577
empti, 577
comment, 575
aggreg, 573
auth, 572
import, 569
authent, 568
color, 563
read, 558
schema, 555
doubl, 553
tab, 549
monitor, 546
pars, 542
progress, 542
ast, 538
marshal, 538
on, 537
lock, 536
secur, 535
tool, 532
stack, 530
video, 523
open, 523
account, 522
rout, 520
compat, 520
posit, 518
variabl, 515
constructor, 513
devic, 511
notif, 510
member, 509
databas, 509
condit, 508
panel, 504
endpoint, 498
static, 495
complet, 493
visitor, 493
float, 493
trace, 487
common, 486
metadata, 485
prefer, 484
dto, 483
remov, 480
sub, 478
from, 472
initi, 472
button, 469
pattern, 466
project, 462
argument, 461
point, 460
ext, 460
redi, 460
rate, 457
write, 456
word, 455
role, 455
bodi, 455
rpc, 455
pager, 454
mode, 453
predic, 451
out, 451
address, 449
match, 448
build, 447
counter, 446
modifi, 446
publish, 443
rang, 442
meta, 442
invalid, 439
collector, 437
network, 437
worker, 436
size, 435
admin, 434
drawabl, 431
extractor, 430
merg, 430
post, 429
scope, 427
scroll, 427
regist, 426
global, 425
share, 425
book, 424
persist, 419
textur, 419
partit, 418
categori, 417
dynam, 417
histori, 417
creator, 417
recycl, 416
join, 414
descriptor, 414
label, 414
pipelin, 409
script, 409
decor, 408
product, 407
analyz, 406
timer, 400
retri, 398
edit, 398
hello, 398
selector, 397
scanner, 397
subscrib, 396
checker, 396
random, 395
profil, 392
grid, 389
intern, 388
depend, 388
balanc, 384
cell, 384
login, 384
chunk, 383
scan, 380
arg, 379
handl, 376
level, 375
spec, 375
person, 370
unmarshal, 370
bolt, 368
us, 367
bitmap, 367
transport, 366
runtim, 366
sink, 364
insert, 363
player, 362
formatt, 361
agent, 361
detector, 360
step, 359
contract, 358
start, 356
non, 356
batch, 356
contact, 353
card, 353
return, 352
master, 351
binder, 351
flowabl, 348
gatewai, 346
integ, 346
benchmark, 346
region, 346
refresh, 343
direct, 343
fail, 338
inject, 337
fix, 336
multipl, 336
widget, 335
indic, 334
lite, 334
instrument, 334
relat, 332
redisson, 332
nativ, 331
boolean, 331
upload, 331
tupl, 331
produc, 330
getter, 330
dummi, 330
concurr, 329
deseri, 329
stub, 326
init, 326
meter, 325
host, 324
netti, 324
find, 323
two, 322
segment, 321
hook, 319
futur, 318
sync, 317
topic, 317
sequenc, 316
tracker, 316
editor, 316
android, 314
reflect, 314
cmd, 313
primit, 312
ssl, 311
statist, 309
click, 309
form, 309
indent, 308
spout, 308
ref, 306
jdbc, 306
overrid, 306
replac, 304
featur, 303
audit, 303
materi, 303
circuit, 302
environ, 300
declar, 300
show, 300
privat, 299
span, 299
split, 298
interpret, 298
breaker, 296
timeout, 296
kafka, 296
assert, 295
assign, 295
constraint, 294
equal, 293
nest, 292
reactiv, 292
driver, 292
style, 292
put, 291
composit, 291
bootstrap, 290
html, 290
max, 289
miss, 289
trigger, 289
slide, 289
awar, 288
topolog, 288
cooki, 287
edg, 287
chain, 283
summari, 283
shape, 281
send, 281
hystrix, 281
shard, 280
bu, 278
uri, 278
vertex, 277
root, 276
close, 276
swipe, 276
router, 276
transit, 274
arm, 274
mongo, 271
sum, 269
dispatch, 268
part, 268
compil, 268
pair, 267
packet, 267
top, 266
movi, 266
document, 265
doc, 265
first, 265
picker, 265
final, 264
net, 264
home, 263
author, 262
launcher, 262
alert, 262
regex, 261
broadcast, 261
bit, 260
librari, 260
camera, 260
snapshot, 259
sender, 259
alarm, 259
found, 258
invoc, 258
ignor, 258
invok, 258
export, 257
descript, 256
extend, 256
consol, 255
notifi, 255
standard, 255
switch, 255
bundl, 255
world, 254
track, 254
reduc, 254
javadoc, 254
fast, 254
requir, 254
bulkhead, 254
after, 252
debug, 250
back, 250
payment, 249
lookup, 249
lifecycl, 248
matrix, 248
usag, 248
raw, 248
finder, 247
migrat, 247
subscript, 247
screen, 247
photo, 247
discoveri, 246
copi, 245
prepar, 245
sm, 245
chat, 244
suppress, 243
rotat, 243
extern, 242
section, 241
loop, 240
health, 239
sign, 239
pm, 239
space, 238
onli, 237
implement, 237
chart, 237
heap, 235
push, 234
overlai, 233
save, 233
runnabl, 232
expand, 232
connector, 231
end, 231
neg, 231
commit, 231
elasticsearch, 230
replic, 230
setter, 230
pai, 230
core, 229
signatur, 229
dot, 228
bound, 227
cursor, 227
convers, 225
displai, 225
weight, 224
popup, 224
lazi, 223
namespac, 223
encrypt, 223
machin, 222
behavior, 222
perform, 222
transfer, 221
magic, 221
failur, 221
languag, 221
backup, 221
visibl, 220
touch, 217
asset, 217
port, 216
atom, 216
aspect, 216
msg, 215
child, 214
oracl, 214
mvp, 214
scale, 213
vector, 213
calendar, 213
echo, 213
quick, 213
attach, 213
password, 212
liter, 212
analysi, 211
drop, 211
lambda, 209
big, 209
interactor, 209
preview, 208
gpu, 207
cloud, 206
icon, 206
pull, 206
arb, 206
compress, 205
char, 204
feed, 204
decim, 203
algorithm, 201
stop, 200
zip, 200
evalu, 198
super, 196
ident, 196
throw, 196
coordin, 195
normal, 194
full, 194
registr, 194
payload, 194
navig, 194
alloc, 193
combin, 193
csv, 193
inner, 193
expect, 193
wrap, 193
plan, 193
mani, 192
prioriti, 192
min, 192
tester, 192
befor, 192
browser, 192
fetch, 191
email, 191
kit, 191
qmui, 191
ballerina, 191
enabl, 190
linear, 190
shell, 190
dubbo, 190
sentinel, 190
printer, 189
folder, 189
watcher, 188
archiv, 188
theme, 188
stor, 188
bottom, 187
calcul, 186
marker, 186
length, 186
wait, 186
intent, 186
pre, 185
game, 184
platform, 184
citi, 184
var, 184
naco, 184
mail, 183
parent, 182
glide, 182
hint, 182
circl, 181
interv, 181
distribut, 181
titan, 181
round, 179
instal, 177
googl, 177
work, 176
verifi, 176
short, 175
cancel, 174
peer, 174
drag, 174
area, 173
guid, 173
jar, 172
delai, 172
releas, 172
cycl, 172
com, 172
symbol, 172
um, 170
effect, 170
verif, 170
watch, 169
supplier, 169
charact, 169
inform, 168
domain, 168
timestamp, 168
jvm, 168
func, 167
flag, 166
disk, 166
sofa, 166
deploy, 166
nio, 165
durat, 165
comput, 165
center, 165
music, 165
acl, 165
cassandra, 163
down, 162
renam, 162
forward, 162
append, 161
ha, 161
replai, 161
bad, 161
cm, 161
backend, 161
plai, 160
distanc, 160
foo, 160
student, 159
program, 159
histogram, 159
structur, 159
revers, 159
exchang, 159
phone, 159
regress, 159
sock, 159
geo, 158
complex, 158
compact, 158
recommend, 157
immut, 154
clear, 154
directori, 154
last, 154
layer, 154
zone, 154
clock, 154
credenti, 154
injector, 153
dump, 153
zookeep, 153
boot, 152
jpa, 152
mayb, 152
xpath, 152
illeg, 152
hadoop, 152
live, 151
warn, 151
pojo, 151
shader, 151
pack, 150
tck, 150
om, 150
maker, 150
keeper, 150
without, 149
public, 149
right, 149
diff, 149
choic, 149
prop, 149
duplic, 148
offset, 148
bridg, 148
blob, 147
whitespac, 147
print, 147
background, 147
try, 147
specif, 147
good, 147
more, 146
album, 146
mqtt, 146
union, 146
rewrit, 146
car, 145
instruct, 145
expr, 145
pass, 145
audio, 144
left, 144
titl, 144
scheme, 144
separ, 144
disabl, 143
cli, 143
repo, 143
second, 142
gson, 142
move, 141
cast, 141
fallback, 141
old, 140
term, 140
light, 140
drawer, 140
mask, 139
countri, 139
embed, 138
defin, 138
hdf, 138
stage, 137
dn, 137
signal, 136
fake, 136
friend, 135
accessor, 135
lang, 135
spark, 135
safe, 134
git, 134
subject, 134
gui, 134
secret, 134
suggest, 134
termin, 133
parcel, 133
continu, 133
branch, 133
bson, 133
callabl, 132
pend, 132
travers, 132
mem, 132
cube, 132
lru, 131
fetcher, 131
identifi, 131
advic, 131
timelin, 131
postgr, 131
jackson, 130
kotlin, 130
uniqu, 130
mod, 130
dai, 130
circular, 130
extract, 130
side, 130
sheet, 129
rel, 129
actor, 129
crop, 128
alter, 128
convertor, 128
serializ, 126
describ, 126
invoic, 126
elast, 125
site, 125
gestur, 124
patch, 124
optim, 123
heartbeat, 123
ab, 123
zoo, 123
002, 123
jmx, 122
period, 122
draw, 122
ping, 121
depth, 121
about, 121
docker, 121
grpc, 121
tenant, 120
unknown, 120
phase, 119
artifact, 119
tracer, 119
some, 119
legaci, 119
compens, 119
dictionari, 119
thumb, 118
viewer, 118
font, 118
synchron, 118
handshak, 118
mojo, 118
free, 117
ftp, 117
tile, 117
catalog, 117
suit, 116
hazelcast, 116
differ, 116
catch, 116
jdk, 116
inlin, 116
bug, 116
mysql, 116
articl, 116
thrift, 116
math, 115
spars, 115
mutabl, 115
weather, 114
setup, 114
wai, 114
const, 114
avro, 114
litemal, 114
detect, 113
restor, 113
groovi, 113
captur, 113
repeat, 113
procedur, 113
dumper, 113
ksql, 113
capabl, 112
shutdown, 112
pointer, 112
jwt, 112
stem, 112
dispos, 111
other, 111
larg, 111
enumer, 111
note, 111
score, 110
upgrad, 110
real, 110
bucket, 110
flat, 110
parallel, 110
plain, 110
redirect, 110
proto, 110
blue, 110
throughput, 109
dashboard, 109
broker, 109
toolbar, 109
exist, 108
perf, 108
next, 108
finish, 108
organ, 108
seri, 108
scm, 108
replica, 107
env, 107
pin, 107
moco, 107
numer, 106
uuid, 106
exit, 106
qualifi, 106
jetti, 106
prefix, 106
self, 106
digest, 106
zipkin, 106
pulsar, 106
realm, 105
primari, 105
ani, 105
the, 105
partial, 105
noop, 105
css, 105
surfac, 105
same, 104
dataset, 104
buf, 104
hub, 104
shortcut, 104
represent, 103
galleri, 103
gen, 103
attr, 103
pad, 103
protect, 103
roll, 102
fill, 102
align, 102
black, 102
compound, 102
skin, 102
broadleaf, 102
help, 101
jfx, 101
khr, 101
avail, 100
unsaf, 100
increment, 100
sprite, 100
sampler, 99
skip, 99
launch, 99
spi, 99
writabl, 99
dict, 99
cart, 98
convent, 98
per, 98
substitut, 98
inherit, 98
hover, 98
slot, 98
artist, 98
anonym, 97
vertic, 97
apollo, 97
appl, 97
wheel, 97
expir, 97
jedi, 97
hot, 96
extra, 96
classpath, 96
horizont, 96
coupon, 96
compos, 96
hive, 96
eureka, 96
blend, 96
inflat, 96
measur, 96
logic, 96
wallet, 96
creation, 95
certif, 95
exclud, 95
appli, 94
confirm, 94
manifest, 94
unsupport, 94
pictur, 94
mark, 93
slave, 93
enhanc, 93
consist, 93
divid, 93
plot, 93
ble, 93
atmospher, 93
aop, 92
workspac, 92
mvi, 92
you, 92
ring, 91
allow, 91
advanc, 91
yaml, 91
mvc, 91
multipart, 91
emitt, 91
gif, 91
off, 91
std, 91
month, 91
zoom, 90
virtual, 90
origin, 90
singleton, 90
cleaner, 90
smart, 90
lombok, 90
reset, 90
correct, 90
spdy, 90
druid, 90
biz, 90
feign, 90
iosq, 90
splitter, 89
stock, 89
def, 89
udp, 89
desc, 89
coverag, 89
blur, 89
journal, 89
recoveri, 88
mockito, 88
pdf, 88
saniti, 88
kubernet, 88
comm, 88
interpol, 87
squar, 87
mix, 87
insensit, 87
poll, 87
flip, 87
busi, 86
price, 86
decis, 86
restart, 86
longest, 86
trie, 86
cpu, 86
recent, 86
cert, 86
repli, 86
place, 86
adaptor, 86
revis, 86
chapter, 86
forg, 86
break, 85
reload, 85
includ, 85
while, 85
crash, 85
exec, 85
kernel, 85
mgr, 85
undo, 85
void, 85
chrome, 85
particl, 85
sound, 85
upm, 85
tint, 85
val, 85
tube, 85
hmili, 85
ack, 84
slf, 84
banner, 84
three, 84
eas, 84
bookmark, 84
dimens, 84
trust, 84
rich, 84
scroller, 84
pref, 84
graphic, 84
ldap, 83
flush, 83
hex, 83
avatar, 83
registrar, 82
lib, 82
rocket, 82
robo, 82
song, 82
keycloak, 82
tweet, 82
galen, 82
dev, 81
intercept, 81
maximum, 81
asm, 81
cleanup, 81
consul, 81
pgp, 81
special, 80
candid, 80
paus, 80
current, 80
pub, 80
too, 80
re, 80
collaps, 80
motan, 80
probe, 80
playlist, 80
inspector, 80
storm, 80
evict, 79
wrong, 79
digit, 79
problem, 79
pane, 79
blog, 79
interact, 79
sasl, 79
head, 79
twitter, 79
deep, 79
erron, 79
highlight, 78
quartz, 78
fade, 78
capac, 78
facad, 78
gaug, 78
radio, 78
cuboid, 78
interrupt, 77
power, 77
quot, 77
unus, 77
standalon, 77
seek, 77
splash, 77
star, 76
hibern, 76
thi, 76
distinct, 76
bst, 76
minimum, 76
life, 76
triangl, 76
comparison, 76
sip, 76
conduit, 76
axi, 75
datagram, 75
sy, 75
arrow, 75
greet, 75
alpha, 75
attempt, 75
mm, 75
curli, 75
arbitr, 75
zero, 74
sentenc, 74
ad, 74
chooser, 74
cipher, 74
dex, 74
manual, 74
associ, 74
crypto, 74
berkelei, 74
cucumb, 74
physic, 73
resum, 73
violat, 73
charset, 73
stemmer, 73
verticl, 73
spice, 73
hit, 72
struct, 72
slow, 72
follow, 72
rabbit, 72
cross, 72
mpsc, 72
cost, 72
excel, 72
framework, 72
assembl, 72
github, 72
vec, 72
shop, 72
week, 72
anomali, 72
plu, 71
scene, 71
speed, 71
focu, 71
weak, 71
tagger, 71
height, 71
bluetooth, 71
osm, 71
like, 70
slice, 70
cron, 70
escap, 70
bubbl, 70
id, 70
retriev, 70
compressor, 70
contribut, 70
tcp, 70
vertx, 70
neighbor, 70
coprocessor, 70
rank, 69
statsd, 69
strict, 69
commun, 69
reg, 69
maven, 69
suspend, 69
width, 69
exo, 69
team, 69
prometheu, 68
resolut, 68
defer, 68
palindrom, 68
substr, 68
redund, 68
dir, 68
alia, 68
overview, 68
submit, 68
kryo, 68
exp, 68
col, 68
rfx, 68
singular, 68
semaphor, 67
privileg, 67
bulk, 67
parameter, 67
sticki, 67
kill, 67
footer, 67
propag, 67
mesh, 67
trade, 67
inventori, 66
collis, 66
none, 66
keyword, 66
clone, 66
board, 66
quota, 66
camel, 66
flexibl, 66
checkpoint, 65
cat, 65
dom, 65
favorit, 65
sha, 65
keyboard, 65
feedback, 65
ratio, 64
checksum, 64
success, 64
room, 64
averag, 64
promot, 64
apk, 64
obj, 64
analyt, 64
guava, 64
enter, 64
bidirect, 64
scenario, 64
voic, 64
trident, 64
alreadi, 63
sorter, 63
imp, 63
pagin, 63
conf, 63
small, 63
markdown, 63
notebook, 63
bike, 63
placehold, 62
inspect, 62
merger, 62
win, 62
leak, 62
over, 62
mous, 62
instanti, 62
mutat, 62
answer, 62
rock, 62
playback, 62
amd, 62
caller, 61
thumbnail, 61
closur, 61
forc, 61
dim, 61
emoji, 61
explor, 61
epoxi, 61
jabber, 61
water, 60
rectangl, 60
reserv, 60
resiz, 60
cor, 60
mime, 60
when, 60
swagger, 60
sdk, 60
accumul, 60
starter, 60
addit, 60
eclips, 60
clip, 60
predict, 60
claim, 60
facebook, 60
ringbuff, 60
nullabl, 59
deprec, 59
atla, 59
pie, 59
unari, 59
idl, 59
gzip, 59
fee, 59
pipe, 59
restrict, 59
syntax, 59
diagnost, 59
pop, 59
startup, 59
uid, 59
swift, 59
bpmn, 59
tl, 58
keep, 58
multimap, 58
hous, 58
del, 58
choos, 58
tutori, 58
visual, 58
offlin, 58
partition, 58
sleep, 58
modbu, 58
guard, 57
exclus, 57
temp, 57
spsc, 57
instant, 57
oss, 57
bloom, 57
pong, 57
str, 57
img, 57
slider, 57
badg, 57
udf, 57
histor, 57
toggl, 56
inet, 56
mean, 56
flux, 56
throwabl, 56
concat, 56
take, 56
utf, 56
precondit, 56
memcach, 56
insn, 56
draggabl, 56
debugg, 56
strip, 56
reactor, 56
recogn, 56
zhi, 56
episod, 56
framebuff, 56
oe, 56
num, 55
qualiti, 55
jm, 55
daili, 55
clipboard, 55
minim, 55
dequ, 55
trip, 55
autocomplet, 55
review, 55
ball, 54
delimit, 54
wildcard, 54
flatten, 54
year, 54
deliveri, 54
shiro, 54
jni, 54
spawn, 54
classifi, 54
around, 54
mirror, 54
xss, 54
fluid, 54
fact, 54
oio, 54
crawler, 54
trakt, 54
fals, 53
recurs, 53
now, 53
third, 53
presenc, 53
princip, 53
failov, 53
walk, 53
wal, 53
solid, 53
intel, 53
portugues, 53
eth, 53
pixel, 52
ticket, 52
tier, 52
reject, 52
geometri, 52
paint, 52
portal, 52
509, 52
euler, 52
outer, 52
searcher, 52
onlin, 52
mechan, 52
sun, 52
toast, 52
pod, 52
band, 52
rippl, 52
gist, 52
jsr, 52
heron, 52
sett, 52
parti, 51
licens, 51
intersect, 51
flash, 51
bati, 51
emb, 51
protobuf, 51
ae, 51
dead, 51
rebal, 51
destroi, 51
under, 51
gsy, 51
hidden, 51
react, 51
ignit, 51
diari, 51
throttl, 50
employe, 50
guic, 50
corrupt, 50
dens, 50
overflow, 50
svg, 50
preload, 50
clean, 50
overload, 50
lexer, 50
claus, 50
bench, 50
hierarchi, 50
robin, 50
canonic, 50
disconf, 50
extent, 50
pet, 50
bill, 50
than, 49
tunnel, 49
rect, 49
boundari, 49
gradient, 49
reason, 49
soft, 49
criteria, 49
feder, 49
estim, 49
unstructur, 49
total, 49
yarn, 49
ssh, 49
mount, 49
beacon, 49
aw, 49
german, 49
geocod, 49
influx, 48
rollback, 48
credit, 48
capsul, 48
contextu, 48
invit, 48
op, 48
suffix, 48
deploi, 48
feat, 48
amazon, 48
overdu, 48
movement, 47
orc, 47
contributor, 47
ddl, 47
ant, 47
crc, 47
daemon, 47
conflict, 47
sticker, 47
motion, 47
fold, 47
003, 47
lt, 47
epp, 47
bank, 46
such, 46
deriv, 46
jsp, 46
angl, 46
design, 46
english, 46
deni, 46
orient, 46
filler, 46
saver, 46
tip, 46
univers, 46
tempor, 46
retent, 46
incompat, 46
mismatch, 46
stagger, 46
dokit, 46
exceed, 46
similar, 46
undertow, 46
retrofit, 46
angel, 46
jingl, 46
concret, 46
crawl, 46
stochast, 46
dmn, 46
multisampl, 46
wizard, 45
half, 45
saml, 45
snippet, 45
high, 45
each, 45
hide, 45
letter, 45
popul, 45
welcom, 45
comp, 45
python, 45
sensor, 45
serd, 45
disconnect, 45
stress, 45
recipi, 45
llvm, 45
degrad, 45
sketch, 45
cruis, 45
waf, 45
goal, 45
001, 45
tap, 44
deflat, 44
abort, 44
assist, 44
wall, 44
incom, 44
spinner, 44
captcha, 44
ic, 44
fizz, 44
buzz, 44
solut, 44
bytecod, 44
membership, 44
lce, 44
swipeabl, 44
zeppelin, 44
volum, 44
fml, 44
dmx, 44
rmd, 44
ajp, 44
voldemort, 44
recov, 43
seq, 43
tomcat, 43
shift, 43
coin, 43
own, 43
subclass, 43
wave, 43
accept, 43
veloc, 43
pluggabl, 43
watermark, 43
flink, 43
ey, 43
boss, 43
uf, 43
street, 43
rctmgl, 43
fixtur, 42
polygon, 42
eval, 42
hierarch, 42
swap, 42
brand, 42
wifi, 42
mac, 42
req, 42
barrier, 42
decrypt, 42
depart, 42
svm, 42
emoticon, 42
trait, 42
dropwizard, 42
greater, 41
couchbas, 41
eager, 41
multicast, 41
kind, 41
subarrai, 41
permut, 41
feel, 41
mst, 41
currenc, 41
true, 41
press, 41
dismiss, 41
thing, 41
hooker, 41
ribbon, 41
imap, 41
mob, 41
mari, 41
ftile, 41
need, 40
leaf, 40
discover, 40
expos, 40
flywai, 40
synthet, 40
promis, 40
awai, 40
impli, 40
construct, 40
fault, 40
smooth, 40
sonic, 40
xxl, 40
truffl, 40
scala, 40
paren, 40
chip, 40
streamlet, 40
elev, 40
staff, 40
ovr, 40
onc, 39
spy, 39
dialect, 39
scalar, 39
detach, 39
trim, 39
ascii, 39
aliv, 39
sugar, 39
df, 39
portabl, 39
simul, 39
fork, 39
trend, 39
mention, 39
explicit, 39
hbase, 39
syslog, 39
ot, 39
kylin, 39
morfologik, 39
gpodnet, 39
dtfj, 39
att, 39
spatial, 38
jndi, 38
most, 38
subsequ, 38
easi, 38
insid, 38
ajax, 38
sensit, 38
rsa, 38
enc, 38
sandbox, 38
solver, 38
ucent, 38
leader, 38
inconsist, 38
peephol, 38
reveal, 38
threshold, 38
zuul, 38
gcm, 38
olap, 38
rev, 38
jlc, 38
unix, 37
percentil, 37
iso, 37
unbound, 37
lower, 37
bool, 37
javax, 37
ptr, 37
nano, 37
bag, 37
through, 37
mybati, 37
secondari, 37
ambigu, 37
latenc, 37
picasso, 37
tick, 37
implicit, 37
outlin, 37
fingerprint, 37
robust, 37
mileston, 37
bearer, 37
ram, 37
glue, 37
micromet, 37
fab, 37
low, 37
quit, 37
looper, 37
rib, 37
ing, 37
fiber, 37
mpq, 37
lucen, 36
agg, 36
learn, 36
solr, 36
seed, 36
parenthes, 36
shortest, 36
increas, 36
typefac, 36
red, 36
relai, 36
comma, 36
between, 36
emit, 36
glfw, 36
proc, 36
dep, 36
adjust, 36
parallax, 36
delta, 36
regexp, 36
paragraph, 36
rubi, 36
tic, 36
tac, 36
toe, 36
mul, 36
ioc, 36
kcv, 36
wan, 36
calc, 36
tangram, 36
speller, 36
kudaf, 36
cst, 36
azkaban, 36
mass, 35
mother, 35
joda, 35
via, 35
regular, 35
locker, 35
fall, 35
classic, 35
outgo, 35
owner, 35
spot, 35
alwai, 35
should, 35
an, 35
rental, 35
wei, 35
son, 35
para, 35
guarante, 35
dsc, 35
pebbl, 35
customiz, 35
pointcut, 35
kudf, 35
bgfx, 35
nottabl, 35
fare, 35
make, 34
queu, 34
await, 34
island, 34
scatter, 34
alpn, 34
uniform, 34
pro, 34
isol, 34
repair, 34
sso, 34
javac, 34
recognit, 34
po, 34
border, 34
sse, 34
temporari, 34
provision, 34
combo, 34
filenam, 34
less, 34
turn, 34
dec, 34
hyper, 34
crypt, 34
buddi, 34
avoid, 34
orchestr, 34
apach, 34
brace, 34
messeng, 34
uint, 34
reconcili, 34
cardio, 34
realiz, 34
wire, 33
spell, 33
logback, 33
jersei, 33
latest, 33
best, 33
can, 33
lumin, 33
smtp, 33
fibonacci, 33
infer, 33
vehicl, 33
raster, 33
stripe, 33
prompt, 33
tcc, 33
robolectr, 33
copier, 33
mini, 33
autom, 33
tsdb, 33
otter, 33
amazfit, 33
trc, 33
beaker, 33
xbin, 33
alias, 32
readabl, 32
introspect, 32
truncat, 32
temperatur, 32
begin, 32
switcher, 32
equat, 32
enforc, 32
face, 32
telnet, 32
ternari, 32
xor, 32
alipai, 32
modif, 32
cglib, 32
known, 32
subtitl, 32
visit, 32
sent, 32
provis, 32
dynamo, 32
yield, 32
walker, 32
applier, 32
nokogiri, 32
disambigu, 32
dav, 32
purchas, 32
supervisor, 32
gatt, 32
springbt, 32
trail, 31
sequenti, 31
largest, 31
mall, 31
decompressor, 31
traffic, 31
decompil, 31
ibati, 31
discard, 31
snap, 31
infinit, 31
dropdown, 31
frequenc, 31
bazel, 31
err, 31
canari, 31
blacklist, 31
canal, 31
ramp, 31
substrat, 31
quad, 31
nav, 31
boost, 31
dry, 31
ocean, 31
lcn, 31
skill, 31
pinot, 31
asynchron, 30
administr, 30
mobil, 30
cap, 30
org, 30
datadog, 30
graphit, 30
readi, 30
guess, 30
fit, 30
factor, 30
anoth, 30
radar, 30
referenc, 30
syn, 30
ser, 30
bin, 30
bounc, 30
selenium, 30
alt, 30
swigtyp, 30
brush, 30
reaction, 30
arc, 30
lollipop, 30
dsl, 30
inset, 30
ipc, 30
apex, 30
diagram, 30
yar, 30
backstack, 30
embedd, 30
jid, 30
cdi, 30
spock, 30
usecas, 30
tmdb, 30
phd, 30
iwa, 30
philm, 30
smack, 30
nutch, 30
incorrect, 29
azur, 29
discov, 29
vote, 29
white, 29
reduct, 29
pretti, 29
hybrid, 29
retain, 29
rtsp, 29
prim, 29
jadx, 29
foreground, 29
gap, 29
intro, 29
reorder, 29
internet, 29
misc, 29
altern, 29
where, 29
semant, 29
offer, 29
upper, 29
wit, 29
vararg, 29
natur, 29
confus, 29
middlewar, 29
unord, 29
snackbar, 29
bga, 29
omemo, 29
spellcheck, 29
petit, 29
jdbi, 29
bullet, 28
prototyp, 28
forecast, 28
subset, 28
invert, 28
prime, 28
compani, 28
128, 28
uncheck, 28
snappi, 28
dijkstra, 28
odp, 28
obfusc, 28
fire, 28
oauth, 28
ali, 28
receipt, 28
telemetri, 28
tran, 28
refactor, 28
lost, 28
gank, 28
badger, 28
introduct, 28
breakpoint, 28
blade, 28
bitbucket, 28
odd, 28
hopper, 28
mine, 28
xmpp, 28
dtx, 28
dslv, 28
idm, 28
cpe, 28
icq, 28
logout, 27
latch, 27
beat, 27
categor, 27
neo, 27
advisor, 27
endian, 27
exponenti, 27
closeabl, 27
relationship, 27
io, 27
sanit, 27
radial, 27
checkabl, 27
cover, 27
sax, 27
backoff, 27
permit, 27
irc, 27
discret, 27
sidecar, 27
hack, 27
len, 27
fan, 27
gtr, 27
serbian, 27
accu, 27
amf, 27
droidicon, 27
unavail, 26
desktop, 26
preced, 26
backpressur, 26
until, 26
unsubscrib, 26
closest, 26
pic, 26
vollei, 26
javascript, 26
256, 26
four, 26
div, 26
hpack, 26
conn, 26
jump, 26
stmt, 26
grant, 26
foreign, 26
icu, 26
jet, 26
purg, 26
palett, 26
fifo, 26
micro, 26
resili, 26
demand, 26
densiti, 26
telephoni, 26
gp, 26
ttl, 26
cfg, 26
sqlite, 26
nfi, 26
kera, 26
preprocessor, 26
introspector, 26
de, 26
curat, 26
rom, 26
gather, 26
destin, 26
grand, 26
brain, 26
acid, 26
hop, 26
npc, 26
clue, 26
zstd, 26
bdb, 26
transpos, 25
station, 25
chines, 25
pom, 25
unlock, 25
precis, 25
skew, 25
monei, 25
front, 25
rss, 25
multithread, 25
columnar, 25
pivot, 25
addr, 25
collat, 25
weibo, 25
clickabl, 25
cyclic, 25
tar, 25
unsign, 25
pick, 25
poller, 25
linux, 25
tooltip, 25
coder, 25
mch, 25
jenkin, 25
middl, 25
drm, 25
signer, 25
inter, 25
orm, 25
datum, 25
raft, 25
anno, 25
forum, 25
glm, 25
handoff, 25
infinispan, 25
axgl, 25
proxetta, 25
firmwar, 25
opml, 25
keygen, 25
gtf, 25
wither, 25
ag, 24
uncaught, 24
anagram, 24
sku, 24
advertis, 24
brows, 24
unicod, 24
elimin, 24
nop, 24
operand, 24
dual, 24
cumul, 24
concaten, 24
manipul, 24
scram, 24
privaci, 24
shuffl, 24
capit, 24
cannot, 24
wikipedia, 24
ask, 24
actual, 24
classif, 24
puzzl, 24
cal, 24
fox, 24
pruner, 24
conform, 24
monkei, 24
grok, 24
astyanax, 24
inod, 24
blo, 24
clojur, 24
instrumentor, 24
joi, 24
russian, 24
quarku, 24
firebas, 24
biom, 24
eco, 24
mistak, 24
websit, 24
ration, 24
umod, 24
ship, 23
race, 23
pid, 23
ordin, 23
realtim, 23
ingest, 23
dynatrac, 23
caffein, 23
never, 23
immedi, 23
legend, 23
fullscreen, 23
corner, 23
bzip, 23
adder, 23
grai, 23
acquir, 23
builtin, 23
weaver, 23
gram, 23
sphere, 23
wallpap, 23
canva, 23
facet, 23
projector, 23
mono, 23
hl, 23
land, 23
experi, 23
hikari, 23
loss, 23
acm, 23
ticker, 23
pinyin, 23
ansj, 23
inclus, 23
park, 23
submitt, 23
famili, 23
adb, 23
rep, 23
helium, 23
ground, 23
slop, 23
enver, 23
oidc, 23
otp, 23
notic, 23
roster, 23
btrace, 23
japanes, 23
farm, 23
failsaf, 23
geofenc, 23
ddr, 23
wenda, 23
gherkin, 23
killer, 22
gold, 22
usernam, 22
envelop, 22
built, 22
whitelist, 22
actuat, 22
intermedi, 22
wavefront, 22
negoti, 22
major, 22
lowest, 22
transcod, 22
zlib, 22
absolut, 22
gregorian, 22
tripl, 22
practic, 22
fun, 22
specifi, 22
websocket, 22
shot, 22
have, 22
packer, 22
caus, 22
transient, 22
driven, 22
etcd, 22
dash, 22
bird, 22
passphras, 22
modal, 22
hour, 22
minut, 22
arch, 22
automat, 22
robot, 22
unnecessari, 22
lettuc, 22
shim, 22
goog, 22
polym, 22
predefin, 22
freelin, 22
subsystem, 22
rapid, 22
whitebox, 22
alluxio, 22
ban, 22
tumbl, 22
dataflow, 22
discord, 22
zhihu, 22
energi, 22
polish, 22
flutter, 22
cul, 22
reward, 22
muti, 22
ocr, 22
mina, 22
stencil, 22
cargo, 22
xboot, 22
cve, 22
entitl, 22
rdap, 22
elf, 21
explain, 21
smb, 21
agreement, 21
then, 21
volatil, 21
tini, 21
sell, 21
abbrevi, 21
veri, 21
barcod, 21
distributor, 21
cmp, 21
yet, 21
synonym, 21
puls, 21
txt, 21
greeter, 21
markup, 21
coercer, 21
behaviour, 21
unregist, 21
overlap, 21
angular, 21
toler, 21
elect, 21
vault, 21
seata, 21
bot, 21
kinesi, 21
planner, 21
renew, 21
nlp, 21
nf, 21
emojicon, 21
stopwatch, 21
ctl, 21
even, 21
colorspac, 21
shimmer, 21
reach, 21
grammar, 21
heurist, 21
ann, 21
adpter, 21
batteri, 21
npm, 21
mei, 21
sand, 21
pickl, 21
muc, 21
overwrit, 21
testcontain, 21
004, 21
005, 21
flavor, 21
refund, 21
todai, 21
rlp, 21
clamp, 21
rtmp, 21
propos, 21
gibberish, 21
squid, 21
hand, 20
fish, 20
kerbero, 20
children, 20
ansi, 20
upstream, 20
exact, 20
bracket, 20
consecut, 20
spiral, 20
trap, 20
exif, 20
isbn, 20
forbidden, 20
cut, 20
endless, 20
jaxr, 20
past, 20
viewport, 20
obsolet, 20
implementor, 20
hostnam, 20
dist, 20
diamond, 20
wechat, 20
joiner, 20
hua, 20
dog, 20
breadth, 20
transpil, 20
descend, 20
persistor, 20
baselin, 20
untag, 20
scorer, 20
shini, 20
fabric, 20
ledger, 20
coher, 20
sale, 20
osx, 20
264, 20
excess, 20
shh, 20
prayer, 20
deciph, 20
gan, 20
xpose, 20
bukkit, 20
embulk, 20
hunter, 19
sex, 19
canon, 19
castl, 19
smile, 19
zen, 19
war, 19
lift, 19
peek, 19
bui, 19
kth, 19
rain, 19
leav, 19
dup, 19
placement, 19
least, 19
malform, 19
market, 19
anchor, 19
previou, 19
screenshot, 19
im, 19
fuzzi, 19
fp, 19
outsid, 19
stabl, 19
memoiz, 19
unread, 19
hessian, 19
pkg, 19
reflector, 19
freemark, 19
characterist, 19
disruptor, 19
junit, 19
manger, 19
mnist, 19
preserv, 19
shake, 19
warm, 19
heart, 19
aggr, 19
npe, 19
relax, 19
centric, 19
soap, 19
quantil, 19
decl, 19
ctor, 19
blueprint, 19
probabl, 19
at, 19
pit, 19
rmi, 19
bsf, 19
galician, 19
txc, 19
fleet, 19
dag, 19
hm, 19
below, 19
xdot, 19
xtea, 19
hiscor, 19
blast, 19
conserv, 19
lotteri, 18
fly, 18
fruit, 18
multipli, 18
avg, 18
stale, 18
tri, 18
thymeleaf, 18
ancestor, 18
inord, 18
gate, 18
pariti, 18
attent, 18
viewfind, 18
opcod, 18
stomp, 18
revok, 18
flex, 18
broken, 18
flight, 18
undefin, 18
display, 18
predictor, 18
french, 18
evictor, 18
egl, 18
logcat, 18
bindabl, 18
ensur, 18
enterpris, 18
deadlock, 18
crossov, 18
grad, 18
abov, 18
girl, 18
groupon, 18
concern, 18
scrollabl, 18
pinpoint, 18
modulo, 18
csr, 18
growabl, 18
sever, 18
gbm, 18
seven, 18
che, 18
headless, 18
uma, 18
stanza, 18
bip, 18
usb, 18
mvel, 18
200, 18
motherlod, 18
mcmp, 18
srgb, 18
mortar, 18
rust, 18
otr, 18
dial, 18
hero, 17
murmur, 17
human, 17
central, 17
ar, 17
into, 17
pig, 17
ladder, 17
417, 17
inact, 17
yuv, 17
travel, 17
littl, 17
opt, 17
inbound, 17
uptim, 17
huffman, 17
median, 17
skylin, 17
ford, 17
perfect, 17
bitwis, 17
subqueri, 17
classload, 17
affect, 17
workflow, 17
reentrant, 17
arithmet, 17
poi, 17
reloc, 17
rhino, 17
lwjgl, 17
gwt, 17
csrf, 17
morph, 17
peopl, 17
fatal, 17
done, 17
dml, 17
digraph, 17
miao, 17
linker, 17
unwrap, 17
ion, 17
spin, 17
must, 17
trivial, 17
neural, 17
hist, 17
astro, 17
newlin, 17
cold, 17
porter, 17
lenient, 17
death, 17
semicolon, 17
interleav, 17
cardin, 17
examin, 17
gc, 17
beauti, 17
graviti, 17
transpar, 17
dou, 17
affin, 17
nimbu, 17
transmitt, 17
tlb, 17
discuss, 17
svn, 17
acra, 17
trec, 17
smallest, 17
iii, 17
quickfixj, 17
nexu, 17
pxgav, 17
addon, 17
minmax, 17
autofil, 17
jlrf, 17
jlrm, 17
algo, 17
needl, 17
spong, 17
king, 16
sortabl, 16
hasher, 16
earli, 16
candl, 16
prefrenc, 16
rewind, 16
ean, 16
rgb, 16
poster, 16
nois, 16
els, 16
alphabet, 16
tee, 16
art, 16
train, 16
skeleton, 16
disassembl, 16
src, 16
someth, 16
fling, 16
snowflak, 16
searchabl, 16
dbcp, 16
ctrl, 16
safeti, 16
vorbi, 16
gaussian, 16
fresco, 16
attack, 16
datasourc, 16
blank, 16
challeng, 16
javassist, 16
wiki, 16
linkag, 16
colour, 16
presto, 16
raptor, 16
stori, 16
look, 16
pde, 16
pw, 16
pusher, 16
unauthor, 16
destructur, 16
painter, 16
cef, 16
fulgora, 16
trainer, 16
wind, 16
logo, 16
knowledg, 16
rdb, 16
verb, 16
consensu, 16
vpn, 16
ga, 16
marathon, 16
dockerfil, 16
reus, 16
heat, 16
hope, 16
huami, 16
subnet, 16
rebas, 16
invad, 16
draft, 16
podcast, 16
clan, 16
spectat, 16
airpal, 16
geoloc, 16
subf, 16
glxarb, 16
glxext, 16
onboard, 16
agenc, 16
love, 16
hotspot, 16
arrear, 16
rtm, 16
keyr, 16
blc, 16
weapon, 15
doe, 15
potion, 15
tear, 15
streamer, 15
smoke, 15
backward, 15
spnego, 15
augment, 15
acknowledg, 15
gradl, 15
subtre, 15
simplifi, 15
percent, 15
smali, 15
variant, 15
lob, 15
bezier, 15
encryptor, 15
parametr, 15
nashorn, 15
swing, 15
dyld, 15
architectur, 15
sleeper, 15
shade, 15
influenc, 15
etc, 15
cull, 15
near, 15
diagnos, 15
xid, 15
prone, 15
cpp, 15
bipartit, 15
telegram, 15
miaosha, 15
frequent, 15
analys, 15
phrase, 15
011, 15
stetho, 15
ret, 15
resett, 15
margin, 15
jaxb, 15
hsqldb, 15
misus, 15
prune, 15
arrang, 15
burn, 15
exposur, 15
nearbi, 15
500, 15
100, 15
ntlm, 15
loggabl, 15
grouper, 15
drf, 15
award, 15
trailer, 15
film, 15
feb, 15
schemabl, 15
aria, 15
flyweight, 15
reservoir, 15
223, 15
catalan, 15
dutch, 15
persian, 15
italian, 15
soroush, 15
satellit, 15
udaf, 15
abi, 15
eater, 15
qcom, 15
evid, 15
cenc, 15
blockchain, 15
supplementari, 15
vavr, 15
tower, 14
fluent, 14
dirti, 14
foundri, 14
optic, 14
ganglia, 14
kairo, 14
testabl, 14
beta, 14
experiment, 14
thin, 14
five, 14
road, 14
stick, 14
cubic, 14
poolabl, 14
emul, 14
status, 14
loadabl, 14
ssa, 14
clob, 14
hmac, 14
artha, 14
stamp, 14
verbos, 14
garbag, 14
leap, 14
lab, 14
acceler, 14
unreach, 14
nine, 14
cubemap, 14
expans, 14
stapler, 14
cloneabl, 14
punctuat, 14
either, 14
resp, 14
bandwidth, 14
danmaku, 14
crud, 14
mdc, 14
har, 14
criterion, 14
noth, 14
repl, 14
man, 14
plane, 14
glass, 14
bf, 14
snapshott, 14
carousel, 14
father, 14
stroke, 14
gbdt, 14
stoppabl, 14
yahoo, 14
crl, 14
tweak, 14
gelf, 14
timeseri, 14
disallow, 14
rise, 14
pitch, 14
truth, 14
autocrypt, 14
chatroom, 14
rec, 14
vf, 14
submarin, 14
livi, 14
discrimin, 14
welfar, 14
tt, 14
sig, 14
inv, 14
anti, 14
meso, 14
slurm, 14
mainten, 14
romanian, 14
spanish, 14
srx, 14
xin, 14
qsb, 14
smartspac, 14
merkl, 14
season, 14
headlin, 14
workbench, 14
salt, 14
ecmascript, 14
minimap, 14
chainsaw, 14
pose, 14
igt, 14
rex, 14
minion, 14
tron, 14
edxp, 14
golang, 14
stepper, 14
humio, 14
nvd, 14
sneaki, 14
delombok, 14
helio, 14
clhsdb, 14
hydrat, 14
mutex, 13
rainbow, 13
srv, 13
invis, 13
possibl, 13
minu, 13
fair, 13
meet, 13
fenc, 13
symmetr, 13
nth, 13
pseudo, 13
polylin, 13
downsampl, 13
knife, 13
planar, 13
rst, 13
doubli, 13
arith, 13
fastjson, 13
mssql, 13
thank, 13
grep, 13
uppercas, 13
spliter, 13
polymorph, 13
chunker, 13
reachabl, 13
coff, 13
checkout, 13
develop, 13
unabl, 13
vibrat, 13
rai, 13
vendor, 13
warp, 13
curv, 13
cue, 13
door, 13
ehcach, 13
rational, 13
moshi, 13
envoi, 13
valv, 13
amount, 13
graal, 13
unifi, 13
provinc, 13
perm, 13
varianc, 13
radiu, 13
scp, 13
reconnect, 13
conscrypt, 13
particip, 13
adhoc, 13
piec, 13
psf, 13
di, 13
dsa, 13
undirect, 13
catcher, 13
cql, 13
anon, 13
come, 13
semi, 13
within, 13
gdb, 13
cockroach, 13
jta, 13
summar, 13
cgroup, 13
recur, 13
showcas, 13
quorum, 13
signin, 13
aurora, 13
speech, 13
egress, 13
finit, 13
tank, 13
greek, 13
hmm, 13
decora, 13
tok, 13
bindi, 13
103, 13
redefinit, 13
latent, 13
lookout, 13
autobahn, 13
cash, 13
macro, 13
multiview, 13
deposit, 13
promo, 13
contour, 13
condom, 13
trai, 13
ethash, 13
jdo, 13
initializ, 12
jira, 12
traceabl, 12
relic, 12
pow, 12
climb, 12
stair, 12
checkbox, 12
butter, 12
dimen, 12
poli, 12
013, 12
oom, 12
pem, 12
avl, 12
bellman, 12
goto, 12
dont, 12
datetim, 12
cidr, 12
maxim, 12
ephemer, 12
referr, 12
pixmap, 12
scratch, 12
fixer, 12
plug, 12
applet, 12
confidenti, 12
correl, 12
sky, 12
exercis, 12
crosstool, 12
underlin, 12
seeker, 12
avc, 12
teacher, 12
ijk, 12
baidu, 12
appear, 12
insight, 12
junction, 12
auxiliari, 12
lex, 12
opaqu, 12
lir, 12
dropout, 12
subtract, 12
reconstruct, 12
wake, 12
covari, 12
leveldb, 12
iqmui, 12
captor, 12
caret, 12
nonblock, 12
asymmetr, 12
marque, 12
duo, 12
tai, 12
der, 12
degre, 12
acycl, 12
kruskal, 12
20010315, 12
bundler, 12
preprocess, 12
deflector, 12
thingsboard, 12
multilin, 12
parenthesi, 12
typecast, 12
ungroup, 12
enclos, 12
perman, 12
gossip, 12
acc, 12
recip, 12
artifactori, 12
pressur, 12
exclam, 12
unfilt, 12
boom, 12
gender, 12
eras, 12
offload, 12
salesforc, 12
polar, 12
mappabl, 12
espresso, 12
stax, 12
spline, 12
glx, 12
sherlock, 12
mailer, 12
decreas, 12
resteasi, 12
mvn, 12
unmarsh, 12
firestor, 12
nbt, 12
coil, 12
porn, 12
axolotl, 12
khmer, 12
ekavian, 12
swedish, 12
reaper, 12
ecdsa, 12
ginger, 12
nut, 12
comet, 12
studio, 12
onekei, 12
ibm, 12
downstream, 12
orphan, 12
smil, 12
pdu, 12
repost, 12
plsql, 12
cpd, 12
despawn, 12
underlai, 12
namer, 12
mta, 12
fairi, 12
mpd, 12
jvmgc, 12
xadd, 12
extgl, 12
khrgl, 12
jlrc, 12
006, 12
007, 12
beakerx, 12
mpmc, 12
mvcc, 12
nuspec, 12
killbil, 12
typeref, 12
smaller, 11
naiv, 11
throttler, 11
tld, 11
drain, 11
just, 11
burst, 11
robber, 11
celebr, 11
stone, 11
sine, 11
flickr, 11
coda, 11
epol, 11
osgi, 11
unpool, 11
moment, 11
sni, 11
bounci, 11
levenshtein, 11
postfix, 11
late, 11
autowir, 11
merchant, 11
330, 11
hashtabl, 11
phoenix, 11
binlog, 11
upsert, 11
offic, 11
512, 11
cours, 11
joint, 11
tika, 11
asciidoctor, 11
that, 11
safari, 11
unexpect, 11
hull, 11
cylind, 11
awt, 11
hacki, 11
proof, 11
subtyp, 11
incomplet, 11
protostuff, 11
saga, 11
ogg, 11
ttml, 11
nal, 11
satur, 11
grow, 11
doraemon, 11
frontend, 11
rmq, 11
polyglot, 11
calle, 11
convolut, 11
occurr, 11
invers, 11
variat, 11
inf, 11
ning, 11
huawei, 11
agenda, 11
jack, 11
atm, 11
rbbi, 11
tablet, 11
useless, 11
refast, 11
absent, 11
lister, 11
unnam, 11
unif, 11
held, 11
ethereum, 11
uni, 11
uml, 11
shelf, 11
rebroadcast, 11
miscellan, 11
unpair, 11
timber, 11
devfil, 11
compactor, 11
balloon, 11
prof, 11
tf, 11
corpu, 11
termux, 11
distri, 11
jstorm, 11
sentri, 11
keybind, 11
craft, 11
impact, 11
expiri, 11
leas, 11
bitext, 11
rebalanc, 11
tour, 11
instagram, 11
vtor, 11
jtx, 11
plumber, 11
mllp, 11
plant, 11
lightwav, 11
air, 11
denon, 11
vc, 11
multiselect, 11
webapp, 11
sector, 11
outbox, 11
friendship, 11
crate, 11
rune, 11
mov, 11
intfac, 11
opentrac, 11
isochron, 11
vulner, 11
checkin, 11
crosshair, 11
rpn, 11
sagan, 11
retir, 11
vtt, 11
belli, 11
vintag, 11
tvdb, 11
aplu, 11
rde, 11
bake, 10
heal, 10
queen, 10
apm, 10
cbor, 10
prevent, 10
reconfigur, 10
jooq, 10
unresolv, 10
artemi, 10
issuer, 10
interop, 10
cow, 10
ham, 10
imgur, 10
hardwar, 10
granular, 10
eci, 10
inc, 10
minor, 10
outbound, 10
succeed, 10
uniti, 10
varint, 10
1080, 10
quantifi, 10
coalesc, 10
tty, 10
stdout, 10
spannabl, 10
discount, 10
divis, 10
ghidra, 10
modular, 10
revert, 10
synthes, 10
filesystem, 10
deactiv, 10
oi, 10
qiniu, 10
but, 10
insuffici, 10
txn, 10
subprocess, 10
remapp, 10
reusabl, 10
scalpel, 10
co, 10
repetit, 10
attest, 10
scribe, 10
dedupl, 10
deliv, 10
fst, 10
superclass, 10
deopt, 10
sph, 10
eagl, 10
act, 10
varchar, 10
ctx, 10
submiss, 10
recurr, 10
rack, 10
sizer, 10
think, 10
bypass, 10
solar, 10
loc, 10
lot, 10
chore, 10
matric, 10
undeclar, 10
adj, 10
karp, 10
spread, 10
comprehens, 10
exploit, 10
graphviz, 10
winner, 10
feedabl, 10
hsql, 10
singlelin, 10
alon, 10
mediat, 10
eclair, 10
whole, 10
fav, 10
bay, 10
tmp, 10
quint, 10
abl, 10
night, 10
pinch, 10
clc, 10
dic, 10
conductor, 10
shield, 10
miner, 10
buff, 10
jme, 10
preorder, 10
maze, 10
freez, 10
substitutor, 10
harmoni, 10
pushbullet, 10
nomad, 10
confer, 10
hyphen, 10
jekavian, 10
intra, 10
hindi, 10
norwegian, 10
eb, 10
ef, 10
delay, 10
anel, 10
benq, 10
vod, 10
mixin, 10
portrait, 10
educ, 10
topk, 10
river, 10
fcgi, 10
weld, 10
brl, 10
pmd, 10
ariti, 10
gvrender, 10
wintertodt, 10
tith, 10
vpx, 10
rocksdb, 10
rlwnm, 10
xori, 10
repe, 10
blit, 10
uhc, 10
rssi, 10
spt, 10
el, 10
tmpl, 10
wondex, 10
webhook, 10
rigger, 10
stackdriv, 10
cwe, 10
discrollv, 10
bzz, 10
kilim, 10
hotswap, 10
whisker, 10
whoi, 10
subkei, 10
keyserv, 10
strength, 9
priorit, 9
evil, 9
decid, 9
mustach, 9
sai, 9
approxim, 9
unbind, 9
upca, 9
happi, 9
copyright, 9
ocsp, 9
insecur, 9
lzma, 9
cl, 9
jsonp, 9
sybas, 9
dealloc, 9
rais, 9
pure, 9
ognl, 9
optimist, 9
unmodifi, 9
sec, 9
bear, 9
cool, 9
subroutin, 9
mip, 9
entropi, 9
hale, 9
weav, 9
unhandl, 9
firefox, 9
tech, 9
passthrough, 9
ndk, 9
glyph, 9
ellips, 9
stretch, 9
jelli, 9
wide, 9
hudson, 9
veto, 9
solo, 9
buildabl, 9
jaa, 9
exhaust, 9
epoch, 9
succe, 9
settabl, 9
changer, 9
equival, 9
opu, 9
priv, 9
behind, 9
webvtt, 9
contrast, 9
hue, 9
sharp, 9
transluc, 9
weex, 9
tencent, 9
sucess, 9
xl, 9
respond, 9
converg, 9
multiset, 9
seekabl, 9
cascad, 9
uninstal, 9
fuse, 9
popular, 9
bare, 9
jul, 9
rl, 9
seat, 9
workaround, 9
deregist, 9
redshift, 9
consumpt, 9
recover, 9
hybi, 9
pageabl, 9
brute, 9
2020, 9
elem, 9
scc, 9
xslt, 9
omit, 9
relativ, 9
autodispos, 9
milli, 9
psql, 9
qo, 9
atclaus, 9
eventu, 9
favourit, 9
memo, 9
hurl, 9
pca, 9
beam, 9
jupyt, 9
flusher, 9
wild, 9
worm, 9
fulli, 9
lyric, 9
snitch, 9
lrc, 9
approv, 9
ngram, 9
landscap, 9
microsoft, 9
noun, 9
runabl, 9
blackbox, 9
sim, 9
peak, 9
instanceof, 9
teleport, 9
pickup, 9
holidai, 9
mid, 9
flaki, 9
arab, 9
bengali, 9
cjk, 9
froyo, 9
green, 9
lagarto, 9
fpga, 9
km, 9
seda, 9
akm, 9
868, 9
gpx, 9
roidmi, 9
mtu, 9
awswafv, 9
dax, 9
ac, 9
packrat, 9
baggag, 9
aac, 9
fmpeg, 9
food, 9
karat, 9
xyz, 9
multifil, 9
framemap, 9
paper, 9
compositor, 9
hexagon, 9
hazmat, 9
014, 9
heatmap, 9
celloc, 9
zalenium, 9
nugetconf, 9
wizz, 9
nucleu, 9
upkg, 9
breadcrumb, 9
bee, 8
vari, 8
soldier, 8
steal, 8
trampolin, 8
rollup, 8
idp, 8
overal, 8
bom, 8
sniffer, 8
judg, 8
sudoku, 8
roman, 8
zig, 8
zag, 8
fraction, 8
softwar, 8
ambient, 8
perspect, 8
tail, 8
subfram, 8
medium, 8
roundtrip, 8
prepend, 8
notat, 8
lenolix, 8
battl, 8
ctrip, 8
flower, 8
countdown, 8
ca, 8
externaliz, 8
png, 8
dock, 8
fixup, 8
servo, 8
yammer, 8
hamcrest, 8
individu, 8
unlimit, 8
uil, 8
quantiz, 8
percentag, 8
occlus, 8
swapper, 8
toolkit, 8
foreach, 8
grace, 8
skylark, 8
unrecover, 8
precompil, 8
glob, 8
determinist, 8
salari, 8
bio, 8
genr, 8
dt, 8
flac, 8
caption, 8
bright, 8
ruler, 8
cmt, 8
applicaiton, 8
xlsx, 8
workbook, 8
remind, 8
tombston, 8
led, 8
jaeger, 8
skywalk, 8
carrier, 8
enqueu, 8
brief, 8
010, 8
closabl, 8
again, 8
ffi, 8
intrins, 8
unbox, 8
uncach, 8
genet, 8
matlab, 8
scx, 8
skia, 8
spa, 8
decommiss, 8
potenti, 8
strong, 8
plural, 8
maria, 8
jboss, 8
shorthand, 8
mors, 8
exam, 8
explos, 8
ghost, 8
ken, 8
stuff, 8
scrim, 8
tight, 8
pkix, 8
homonymi, 8
american, 8
multiwai, 8
patricia, 8
polynomi, 8
tst, 8
eulerian, 8
choreograph, 8
explod, 8
suspici, 8
linter, 8
prebuild, 8
modern, 8
amqp, 8
facil, 8
timescal, 8
coupl, 8
checkstyl, 8
see, 8
well, 8
dagger, 8
bed, 8
rdbm, 8
derbi, 8
todo, 8
bogu, 8
zeppelinhub, 8
ingress, 8
fct, 8
cloner, 8
floati, 8
readonli, 8
authn, 8
hold, 8
debezium, 8
etsi, 8
remark, 8
jsonschema, 8
dedic, 8
unblock, 8
taker, 8
dissector, 8
idempot, 8
gtgp, 8
postord, 8
contigu, 8
hawk, 8
userdev, 8
loot, 8
projectil, 8
squeezebox, 8
tinker, 8
breton, 8
lithuanian, 8
malayalam, 8
nonc, 8
monoton, 8
favor, 8
vnc, 8
abc, 8
automaton, 8
annex, 8
roncoo, 8
doctyp, 8
vpc, 8
till, 8
golf, 8
alchemi, 8
115, 8
lra, 8
comfo, 8
davi, 8
strom, 8
dsmr, 8
psi, 8
rightsiz, 8
referenti, 8
cate, 8
pausabl, 8
kat, 8
fdv, 8
scaveng, 8
prefab, 8
erc, 8
ep, 8
gvplugin, 8
tune, 8
permutor, 8
psmp, 8
varbit, 8
herbiboar, 8
skybox, 8
or, 8
lightbox, 8
subtext, 8
rotlw, 8
rotrwi, 8
slwi, 8
sraw, 8
srawi, 8
srwi, 8
stb, 8
subfc, 8
subfco, 8
subfm, 8
subfmeo, 8
subfo, 8
subfz, 8
subfzeo, 8
reil, 8
adc, 8
cmpsb, 8
proxim, 8
rotlwi, 8
slw, 8
srw, 8
attrib, 8
bgra, 8
dxt, 8
stbi, 8
wglarb, 8
autofit, 8
incognito, 8
autotun, 8
hoc, 8
pbf, 8
bidir, 8
009, 8
sba, 8
handrol, 8
zygot, 8
rop, 8
ccj, 8
rnc, 8
tik, 8
flogger, 8
blame, 8
secapi, 8
ohlc, 8
qual, 8
zoomabl, 8
tanx, 8
bigqueri, 8
synthesi, 8
vocal, 8
keychain, 8
certifi, 8
conjunct, 7
negat, 7
bulli, 7
sergeant, 7
adjac, 7
trial, 7
outcom, 7
atomiko, 7
arbit, 7
unicast, 7
sinc, 7
debounc, 7
enemi, 7
eight, 7
remain, 7
brick, 7
who, 7
growth, 7
chromium, 7
lint, 7
binar, 7
upcean, 7
otto, 7
legal, 7
octal, 7
siev, 7
codegen, 7
fanout, 7
dept, 7
eof, 7
snake, 7
rebuild, 7
tablespac, 7
jakarta, 7
foundat, 7
philosoph, 7
erasur, 7
keccak, 7
lowercas, 7
varnod, 7
navigat, 7
mnemon, 7
archaiu, 7
opera, 7
routabl, 7
convex, 7
zigzag, 7
tim, 7
posix, 7
foldabl, 7
quiet, 7
imperson, 7
protector, 7
enough, 7
unsecur, 7
jw, 7
stderr, 7
symlink, 7
webview, 7
bold, 7
wav, 7
cea, 7
springboot, 7
guo, 7
gamma, 7
grei, 7
flashlight, 7
aim, 7
hacker, 7
halo, 7
sst, 7
lotti, 7
transcript, 7
taken, 7
arbitrari, 7
topo, 7
keyspac, 7
watchdog, 7
later, 7
buggi, 7
uima, 7
fanci, 7
ada, 7
both, 7
stand, 7
apt, 7
slash, 7
cmdb, 7
mcp, 7
geometr, 7
demux, 7
qdqq, 7
independ, 7
nice, 7
adm, 7
acceptor, 7
weblog, 7
dbit, 7
bcd, 7
dfa, 7
coll, 7
oreo, 7
marshmallow, 7
blocker, 7
fat, 7
die, 7
lexic, 7
unmapp, 7
exempt, 7
binomi, 7
clinit, 7
lightweight, 7
typesaf, 7
lose, 7
itself, 7
yin, 7
microphon, 7
memor, 7
gone, 7
pla, 7
youku, 7
guesser, 7
cox, 7
typeahead, 7
cxf, 7
retract, 7
circ, 7
expo, 7
quart, 7
hamburg, 7
doulist, 7
initializor, 7
unvers, 7
hashcod, 7
lastfm, 7
datapoint, 7
oval, 7
snack, 7
hang, 7
senior, 7
ol, 7
gdi, 7
dll, 7
consent, 7
wildfli, 7
pax, 7
unload, 7
chao, 7
changelog, 7
assigne, 7
prettifi, 7
bing, 7
it, 7
mailbox, 7
strand, 7
astroboi, 7
grapher, 7
movabl, 7
schemat, 7
ugli, 7
backpack, 7
social, 7
backport, 7
damag, 7
pron, 7
deadlin, 7
british, 7
zealand, 7
tagalog, 7
ukrainian, 7
asturian, 7
mapreduc, 7
sorani, 7
bigram, 7
norm, 7
weixin, 7
kaptcha, 7
136, 7
rabbitmq, 7
regul, 7
lgtv, 7
moon, 7
rrd, 7
vtex, 7
smelt, 7
datalog, 7
qtz, 7
grizzli, 7
176, 7
tex, 7
jax, 7
sla, 7
jrmp, 7
tan, 7
astc, 7
datatyp, 7
antlr, 7
halt, 7
besu, 7
extrem, 7
idea, 7
bpm, 7
cupboard, 7
slayer, 7
combat, 7
jcl, 7
sel, 7
shaderc, 7
tessel, 7
swizzl, 7
unpack, 7
wglext, 7
dif, 7
hll, 7
beelin, 7
grav, 7
seamless, 7
voyag, 7
thirdey, 7
msf, 7
spend, 7
genesi, 7
autotransl, 7
lens, 7
xexun, 7
galileo, 7
granit, 7
meiligao, 7
meitrack, 7
502, 7
totem, 7
vtfm, 7
fifotrack, 7
600, 7
yahfa, 7
bnf, 7
btree, 7
watchlist, 7
blf, 7
ultim, 7
eip, 7
bytestream, 7
papai, 7
wxa, 7
ecj, 7
timet, 7
premium, 7
prosodi, 7
minif, 7
talent, 7
apdu, 7
thief, 6
giant, 6
troll, 6
borrow, 6
disjunct, 6
subtl, 6
enchant, 6
hammer, 6
ambassador, 6
hunspel, 6
jna, 6
slack, 6
unassign, 6
multibind, 6
redo, 6
perimet, 6
strobogrammat, 6
what, 6
vertifi, 6
upc, 6
beep, 6
aztec, 6
reed, 6
solomon, 6
supplement, 6
dimension, 6
renegoti, 6
lzf, 6
eratosthen, 6
gcd, 6
preset, 6
phi, 6
mam, 6
colon, 6
informix, 6
printabl, 6
floor, 6
retryabl, 6
redefin, 6
postgresql, 6
feeder, 6
rememb, 6
thunk, 6
ingredi, 6
silent, 6
freq, 6
mpr, 6
billboard, 6
ortho, 6
gamepad, 6
gear, 6
zheng, 6
aliyun, 6
vest, 6
reopen, 6
duplex, 6
register, 6
pinger, 6
hyperlink, 6
maintain, 6
reassign, 6
dedup, 6
untyp, 6
announc, 6
determin, 6
shrinker, 6
forev, 6
scrollbar, 6
better, 6
bring, 6
flv, 6
xing, 6
splice, 6
logininfo, 6
geek, 6
lua, 6
quickstart, 6
nutz, 6
deck, 6
rfc, 6
rtc, 6
panic, 6
strut, 6
cpm, 6
seal, 6
mapr, 6
destroy, 6
devtool, 6
jvmti, 6
patcher, 6
unsatisfi, 6
faulti, 6
oob, 6
hard, 6
chromosom, 6
suppos, 6
krakatau, 6
pump, 6
bye, 6
qp, 6
healthi, 6
regr, 6
hole, 6
sym, 6
want, 6
spam, 6
unidirect, 6
overshoot, 6
decrement, 6
zodiac, 6
sobel, 6
hardcod, 6
alfresco, 6
quantiti, 6
ssdp, 6
eddyston, 6
quicksort, 6
director, 6
hllc, 6
softmax, 6
transceiv, 6
amp, 6
kmean, 6
pkc, 6
misprint, 6
msd, 6
rabin, 6
weekend, 6
excl, 6
failback, 6
failfast, 6
breez, 6
parameterless, 6
webpack, 6
fusion, 6
lattic, 6
302, 6
ahc, 6
millisecond, 6
timezon, 6
quickvalu, 6
pri, 6
vitamio, 6
ellipsi, 6
uncom, 6
gr, 6
epsilon, 6
god, 6
wkt, 6
sftp, 6
094, 6
brite, 6
rater, 6
cfcm, 6
steam, 6
ceil, 6
calm, 6
pam, 6
greedi, 6
doumail, 6
navi, 6
ranker, 6
unpars, 6
memtabl, 6
rebuffer, 6
clearabl, 6
carbon, 6
monik, 6
viewpag, 6
xsd, 6
crf, 6
incr, 6
identif, 6
faux, 6
rct, 6
flume, 6
acker, 6
misfit, 6
anvil, 6
weird, 6
reshard, 6
awesom, 6
pascal, 6
jit, 6
jexl, 6
panach, 6
sci, 6
drool, 6
stereotyp, 6
mandatori, 6
filer, 6
caught, 6
brew, 6
furnac, 6
cisco, 6
ecobe, 6
homemat, 6
mio, 6
prowl, 6
pushov, 6
pushsaf, 6
satel, 6
dlog, 6
unserializ, 6
impress, 6
scalabl, 6
nick, 6
scriptabl, 6
crank, 6
shaft, 6
satisfi, 6
brazilian, 6
diacrit, 6
slovak, 6
healthcheck, 6
disqu, 6
redmin, 6
precomp, 6
txlcn, 6
miui, 6
finnish, 6
hungarian, 6
scandinavian, 6
duel, 6
taxonomi, 6
cupcak, 6
gsale, 6
realloc, 6
bunni, 6
numberof, 6
elementin, 6
forest, 6
subfold, 6
couch, 6
iron, 6
nub, 6
saxon, 6
crouton, 6
partner, 6
chees, 6
koubachi, 6
bticino, 6
daikin, 6
dii, 6
cosem, 6
obi, 6
thermostat, 6
recaptcha, 6
mission, 6
gt, 6
meteor, 6
remit, 6
widen, 6
closer, 6
actionbar, 6
gpmall, 6
synctex, 6
curren, 6
rockit, 6
resid, 6
foot, 6
listview, 6
snoop, 6
stateless, 6
drl, 6
waltz, 6
cashflow, 6
buss, 6
politician, 6
terasolog, 6
spike, 6
regen, 6
respawn, 6
postman, 6
dollar, 6
wmc, 6
synd, 6
itun, 6
cannon, 6
djb, 6
brother, 6
cape, 6
osb, 6
robotium, 6
kodi, 6
afr, 6
guillotin, 6
reli, 6
berkeleydb, 6
mapdb, 6
localhost, 6
subfeo, 6
bsr, 6
movsb, 6
scasb, 6
stosb, 6
stosw, 6
qadd, 6
qsub, 6
sxtb, 6
uxtb, 6
andi, 6
nor, 6
ori, 6
lodsb, 6
lodsd, 6
lodsw, 6
mdb, 6
vggl, 6
mulaw, 6
mali, 6
dmp, 6
internalformat, 6
glxnv, 6
dragger, 6
mockup, 6
drive, 6
distil, 6
gsa, 6
cmmn, 6
amdgpu, 6
itinerari, 6
helix, 6
rca, 6
retweet, 6
tax, 6
landmark, 6
contractor, 6
mvvm, 6
orderdetail, 6
withdraw, 6
voucher, 6
008, 6
012, 6
kitchen, 6
elvi, 6
taglet, 6
spee, 6
cookbook, 6
rng, 6
playqueu, 6
mapl, 6
alemat, 6
arknav, 6
bce, 6
dmt, 6
spmc, 6
sop, 6
whale, 6
dalv, 6
dop, 6
ecdh, 6
otf, 6
telegraf, 6
nuget, 6
allen, 6
melodi, 6
mux, 6
rent, 6
undeploi, 6
qrcode, 6
packr, 6
caldroid, 6
shapefil, 6
alight, 6
tmch, 6
ryde, 6
escrow, 6
phonemis, 6
ht, 6
ted, 6
ibc, 6
loan, 6
adv, 6
